week,category,weekly_rank,show_title,season_title,weekly_hours_viewed,runtime,weekly_views,cumulative_weeks_in_top_10,is_staggered_launch,episode_launch_details
2024-01-07,TV (Non-English),1,Berlin,Berlin: Season 1,146400000,6.5667,22300000.0,2,False,
2024-01-07,TV (Non-English),10,Money Heist,Money Heist: Part 1,15200000,0.0,1500000.0,9,True,"[{""episodesLaunched"":13,""countryList"":[""FJ"",""LS"",""MR"",""PA"",""PL"",""UY"",""RW"",""VA"",""AZ"",""NO"",""GR"",""CC"",""AD"",""AS"",""KM"",""IE"",""PN"",""HM"",""GW"",""CY"",""BW"",""KY"",""PF"",""FR"",""NR"",""VU"",""VI"",""PH"",""UM"",""PR"",""RE"",""SE"",""IL"",""GU"",""PG"",""RU"",""MD"",""GP"",""GQ"",""SZ"",""DM"",""KN"",""LI"",""ID"",""DK"",""CW"",""ML"",""DJ"",""PS"",""MH"",""TW"",""FK"",""SX"",""HN"",""PM"",""BH"",""TR"",""GS"",""MX"",""SL"",""LC"",""BB"",""MQ"",""MS"",""GL"",""IS"",""SD"",""AG"",""HK"",""JO"",""LB"",""CX"",""PK"",""AM"",""VG"",""FM"",""GB"",""SV"",""PY"",""SM"",""AL"",""NF"",""TD"",""TN"",""NA"",""MA"",""KI"",""NG"",""EH"",""GE"",""PW"",""GY"",""ST"",""AT"",""CL"",""DO"",""NZ"",""NI"",""US"",""NU"",""CF"",""SS"",""BJ"",""TH"",""LR"",""EC"",""RO"",""CD"",""SI"",""LT"",""MU"",""GG"",""PT"",""QA"",""BE"",""NC"",""TC"",""SC"",""IQ"",""BY"",""MK"",""AQ"",""AR"",""IO"",""BM"",""CG"",""BF"",""CI"",""CU"",""IM"",""SR"",""JM"",""GT"",""UZ"",""ZW"",""GF"",""CZ"",""MZ"",""MW"",""LA"",""CR"",""BD"",""CK"",""HT"",""BI"",""CO"",""SK"",""MV"",""YT"",""LU"",""NE"",""UG"",""PE"",""VE"",""CM"",""LV"",""KR"",""BS"",""MN"",""MF"",""AO"",""TL"",""RS"",""IN"",""BO"",""TJ"",""BL"",""SO"",""KW"",""TT"",""LY"",""GI"",""ER"",""ZA"",""SN"",""CH"",""NL"",""IT"",""BA"",""BQ"",""DZ"",""GA"",""ET"",""LK"",""KZ"",""VN"",""FO"",""WS"",""FI"",""TO"",""UA"",""MP"",""EG"",""GH"",""NP"",""KE"",""CV"",""SA"",""SB"",""MM"",""MC"",""OM"",""AF"",""BG"",""MT"",""KG"",""GM"",""AU"",""HU"",""TK"",""AI"",""MY"",""AE"",""GN"",""HR"",""CA"",""VC"",""EE"",""AW"",""MO"",""JE"",""KH"",""TM"",""GD"",""BT"",""BZ"",""IR"",""MG"",""TZ"",""JP"",""YE"",""DE"",""SH"",""SG"",""TV"",""ME"",""ZM"",""WF"",""BR"",""BN"",""TG""]},{""episodesLaunched"":9,""countryList"":[""ES""]}]"
2023-12-31,Films (Non-English),10,Malbatt: Misi Bakara,,3000000,2.1833,1400000.0,1,False,
2023-12-31,TV (Non-English),1,Berlin,Berlin: Season 1,74300000,6.5667,11300000.0,1,False,
2023-11-26,TV (Non-English),9,Holy Family,Holy Family: Season 2,7300000,5.3833,1400000.0,1,False,
2023-11-05,TV (Non-English),3,Elite,Elite: Season 7,18000000,7.0333,2600000.0,3,False,
2023-10-29,TV (Non-English),1,Elite,Elite: Season 7,37100000,7.0333,5300000.0,2,False,
2023-10-22,TV (Non-English),6,Elite,Elite: Season 7,21100000,7.0333,3000000.0,1,False,
2023-10-08,TV (Non-English),8,Burning Body,Burning Body: Limited Series,8700000,6.5667,1300000.0,5,False,
2023-10-01,TV (Non-English),4,Burning Body,Burning Body: Limited Series,14300000,6.5667,2200000.0,4,False,
2023-09-24,TV (Non-English),2,Burning Body,Burning Body: Limited Series,24500000,6.5667,3700000.0,3,False,
2023-09-17,TV (Non-English),2,Burning Body,Burning Body: Limited Series,43900000,6.5667,6700000.0,2,False,
2023-09-10,TV (Non-English),2,Burning Body,Burning Body: Limited Series,26600000,6.5667,4100000.0,1,False,
2023-08-27,TV (Non-English),10,A Perfect Story,A Perfect Story: Limited Series,6000000,3.6667,1600000.0,5,False,
2023-08-20,TV (Non-English),3,A Perfect Story,A Perfect Story: Limited Series,9900000,3.6667,2700000.0,4,False,
2023-08-13,TV (Non-English),1,A Perfect Story,A Perfect Story: Limited Series,17100000,3.6667,4700000.0,3,False,
2023-08-06,TV (Non-English),1,A Perfect Story,A Perfect Story: Limited Series,24900000,3.6667,6800000.0,2,False,
2023-07-30,TV (Non-English),4,A Perfect Story,A Perfect Story: Limited Series,11600000,3.6667,3200000.0,1,False,
2023-06-04,TV (Non-English),4,Muted,Muted: Limited Series,18040000,,,3,False,
2023-05-28,TV (Non-English),1,Muted,Muted: Limited Series,46520000,,,2,False,
2023-05-21,TV (Non-English),2,Muted,Muted: Limited Series,35100000,,,1,False,
2023-04-09,TV (Non-English),8,I Am Georgina,I Am Georgina: Season 2,6920000,,,3,False,
2023-04-02,TV (Non-English),3,I Am Georgina,I Am Georgina: Season 2,17250000,,,2,False,
2023-03-26,TV (Non-English),4,I Am Georgina,I Am Georgina: Season 2,16080000,,,1,False,
2023-02-26,Films (Non-English),8,Elite Squad,,2360000,,,1,False,
2023-01-22,TV (Non-English),10,Alpha Males,Alpha Males: Season 1,10570000,,,3,False,
2023-01-15,TV (Non-English),6,Alpha Males,Alpha Males: Season 1,15200000,,,2,False,
2023-01-08,TV (Non-English),8,Alpha Males,Alpha Males: Season 1,19090000,,,1,False,
2022-12-18,TV (Non-English),2,Money Heist: Korea - Joint Economic Area,Money Heist: Korea - Joint Economic Area: Season 1,22340000,,,5,False,
2022-12-11,TV (Non-English),5,Elite,Elite: Season 6,13400000,,,4,False,
2022-12-11,TV (Non-English),7,Money Heist: Korea - Joint Economic Area,Money Heist: Korea - Joint Economic Area: Season 1,12800000,,,4,False,
2022-12-04,TV (Non-English),3,Elite,Elite: Season 6,22440000,,,3,False,
2022-11-27,TV (Non-English),1,Elite,Elite: Season 6,48270000,,,2,False,
2022-11-20,TV (Non-English),2,Elite,Elite: Season 6,36870000,,,1,False,
2022-11-20,TV (Non-English),9,Love Never Lies: Destination Sardinia,Love Never Lies: Destination Sardinia: Season 1,5420000,,,1,False,
2022-11-13,TV (Non-English),5,If Only,If Only: Season 1,8920000,,,3,False,
2022-11-06,TV (Non-English),4,If Only,If Only: Season 1,14950000,,,2,False,
2022-10-30,TV (Non-English),8,If Only,If Only: Season 1,9100000,,,1,False,
2022-10-23,TV (Non-English),2,Holy Family,Holy Family: Season 1,18590000,,,2,False,
2022-10-16,TV (Non-English),6,Holy Family,Holy Family: Season 1,8510000,,,1,False,
2022-08-21,TV (Non-English),8,Alba,Alba: Season 1,8390000,,,6,False,
2022-08-14,TV (Non-English),6,Alba,Alba: Season 1,11670000,,,5,False,
2022-08-07,TV (Non-English),5,Alba,Alba: Season 1,17370000,,,4,False,
2022-07-31,TV (Non-English),2,Alba,Alba: Season 1,33520000,,,3,False,
2022-07-24,TV (Non-English),1,Alba,Alba: Season 1,57740000,,,2,False,
2022-07-17,TV (Non-English),4,Alba,Alba: Season 1,19920000,,,1,False,
2022-07-10,TV (Non-English),3,Money Heist: Korea - Joint Economic Area,Money Heist: Korea - Joint Economic Area: Season 1,15630000,,,3,False,
2022-07-03,TV (Non-English),1,Money Heist: Korea - Joint Economic Area,Money Heist: Korea - Joint Economic Area: Season 1,49000000,,,2,False,
2022-07-03,TV (Non-English),4,Intimacy,Intimacy: Season 1,10800000,,,4,False,
2022-07-03,TV (Non-English),9,Money Heist,Money Heist: Part 1,8570000,,,8,False,
2022-06-26,TV (Non-English),1,Money Heist: Korea - Joint Economic Area,Money Heist: Korea - Joint Economic Area: Season 1,33740000,,,1,False,
2022-06-26,TV (Non-English),2,Intimacy,Intimacy: Season 1,16560000,,,3,False,
2022-06-19,TV (Non-English),1,Intimacy,Intimacy: Season 1,30210000,,,2,False,
2022-06-12,TV (Non-English),4,Intimacy,Intimacy: Season 1,15900000,,,1,False,
2022-05-08,Films (Non-English),5,Rumspringa - An Amish in Berlin,,6170000,,,1,False,
2022-05-08,TV (Non-English),10,Elite,Elite: Season 5,9490000,,,5,False,
2022-05-01,TV (Non-English),4,Elite,Elite: Season 5,14890000,,,4,False,
2022-04-24,TV (Non-English),2,Elite,Elite: Season 5,29490000,,,3,False,
2022-04-24,TV (Non-English),5,Heirs to the Land,Heirs to the Land: Season 1,18840000,,,2,False,
2022-04-17,TV (Non-English),1,Elite,Elite: Season 5,67390000,,,2,False,
2022-04-17,TV (Non-English),4,Heirs to the Land,Heirs to the Land: Season 1,11810000,,,1,False,
2022-04-17,TV (Non-English),9,Elite,Elite: Season 1,10110000,,,2,False,
2022-04-10,TV (Non-English),1,Elite,Elite: Season 5,51380000,,,1,False,
2022-03-20,TV (Non-English),9,Lies and Deceit,Lies and Deceit: Season 1,10040000,,,2,False,
2022-03-13,TV (Non-English),3,Lies and Deceit,Lies and Deceit: Season 1,20240000,,,1,False,
2022-02-13,TV (Non-English),8,I Am Georgina,I Am Georgina: Season 1,11920000,,,3,False,
2022-02-06,TV (Non-English),4,I Am Georgina,I Am Georgina: Season 1,28740000,,,2,False,
2022-02-06,TV (Non-English),7,Feria: The Darkest Light,Feria: The Darkest Light: Season 1,15960000,,,1,False,
2022-01-30,TV (Non-English),3,I Am Georgina,I Am Georgina: Season 1,30630000,,,1,False,
2022-01-23,TV (Non-English),9,Money Heist,Money Heist: Part 5,10000000,,,14,False,
2022-01-16,TV (Non-English),7,Money Heist,Money Heist: Part 5,13000000,,,13,False,
2022-01-09,TV (Non-English),6,Money Heist,Money Heist: Part 5,18770000,,,12,False,
2022-01-02,TV (Non-English),3,Money Heist,Money Heist: Part 5,26310000,,,11,False,
2021-12-26,TV (Non-English),1,Money Heist,Money Heist: Part 5,33470000,,,10,False,
2021-12-19,TV (Non-English),1,Money Heist,Money Heist: Part 5,55010000,,,9,False,
2021-12-19,TV (Non-English),6,Money Heist,Money Heist: Part 1,12590000,,,7,False,
2021-12-12,TV (Non-English),1,Money Heist,Money Heist: Part 5,147950000,,,8,False,
2021-12-12,TV (Non-English),3,Money Heist,Money Heist: Part 1,19870000,,,6,False,
2021-12-12,TV (Non-English),10,Money Heist,Money Heist: Part 2,8170000,,,3,False,
2021-12-05,TV (Non-English),1,Money Heist,Money Heist: Part 5,189920000,,,7,False,
2021-11-21,TV (Non-English),9,Love Never Lies,Love Never Lies: Season 1,8370000,,,1,False,
2021-10-10,TV (Non-English),9,Money Heist,Money Heist: Part 5,9730000,,,6,False,
2021-10-03,TV (Non-English),7,Money Heist,Money Heist: Part 5,14250000,,,5,False,
2021-10-03,TV (Non-English),10,Money Heist,Money Heist: Part 1,9370000,,,5,False,
2021-09-26,TV (Non-English),3,Money Heist,Money Heist: Part 5,21830000,,,4,False,
2021-09-26,TV (Non-English),6,Money Heist,Money Heist: Part 1,12150000,,,4,False,
2021-09-26,TV (Non-English),7,Jaguar,Jaguar: Season 1,11620000,,,1,False,
2021-09-26,TV (Non-English),9,Money Heist,Money Heist: Part 4,8680000,,,4,False,
2021-09-19,TV (Non-English),2,Money Heist,Money Heist: Part 5,39910000,,,3,False,
2021-09-19,TV (Non-English),3,Money Heist,Money Heist: Part 1,19340000,,,3,False,
2021-09-19,TV (Non-English),6,Money Heist,Money Heist: Part 4,12270000,,,3,False,
2021-09-19,TV (Non-English),7,Money Heist,Money Heist: Part 2,11940000,,,2,False,
2021-09-19,TV (Non-English),8,Money Heist,Money Heist: Part 3,11490000,,,3,False,
2021-09-12,TV (Non-English),1,Money Heist,Money Heist: Part 5,123170000,,,2,False,
2021-09-12,TV (Non-English),2,Money Heist,Money Heist: Part 1,38030000,,,2,False,
2021-09-12,TV (Non-English),3,Money Heist,Money Heist: Part 2,16720000,,,1,False,
2021-09-12,TV (Non-English),4,Money Heist,Money Heist: Part 4,16720000,,,2,False,
2021-09-12,TV (Non-English),6,Money Heist,Money Heist: Part 3,14410000,,,2,False,
2021-09-05,TV (Non-English),1,Money Heist,Money Heist: Part 5,201910000,,,1,False,
2021-09-05,TV (Non-English),2,Money Heist,Money Heist: Part 1,22710000,,,1,False,
2021-09-05,TV (Non-English),4,Money Heist,Money Heist: Part 4,14870000,,,1,False,
2021-09-05,TV (Non-English),10,Money Heist,Money Heist: Part 3,7070000,,,1,False,
2021-08-01,TV (Non-English),10,Elite,Elite: Season 4,6920000,,,5,False,
2021-07-25,TV (Non-English),7,Elite,Elite: Season 4,9410000,,,4,False,
2021-07-18,TV (Non-English),4,Elite,Elite: Season 4,14240000,,,3,False,
2021-07-11,TV (Non-English),2,Elite,Elite: Season 4,21780000,,,2,False,
2021-07-04,TV (Non-English),1,Elite,Elite: Season 4,38720000,,,1,False,
2021-07-04,TV (Non-English),6,Elite,Elite: Season 1,10530000,,,1,False,
2021-07-04,TV (Non-English),7,Elite,Elite: Season 3,10200000,,,1,False,
2021-07-04,TV (Non-English),8,Elite,Elite: Season 2,10140000,,,1,False,
